movie_id,title,tags
1439930,The Punisher: One Last Kill,"As Frank Castle searches for meaning beyond revenge, an unexpected force pulls him back into the fight. Action Drama Crime Jon Bernthal Deborah Ann Woll Jason R. Moore Reinaldo Marcus Green post-traumatic stress disorder (ptsd) gun anti hero hallucination based on comic revenge conspiracy one man army death of family marvel cinematic universe (mcu) angry vigilante justice"
687163,Project Hail Mary,"Science teacher Ryland Grace wakes up on a spaceship light years from home with no recollection of who he is or how he got there. As his memory returns, he begins to uncover his mission: solve the riddle of the mysterious substance causing the sun to die out. He must call on his scientific knowledge and unorthodox ideas to save everything on Earth from extinction. Science Fiction Adventure Ryan Gosling Sandra Hüller James Ortiz Phil Lord friendship coma based on novel or book bravery sun language barrier space travel space mission alien space memory loss suicide mission astronaut scientist science teacher save the planet spaceship interspecies friendship intense"
1007757,Swapped,"A small woodland creature and a majestic bird, two natural sworn enemies of the Valley, magically trade places and set off on an adventure of a lifetime to switch back. Their journey soon uncovers a greater threat—one that could endanger not only their species, but the entire valley they call home. Animation Family Adventure Fantasy Michael B. Jordan Juno Temple Tracy Morgan Nathan Greno wolf buddy forest fire woodlands forest lore relaxed bird 3d animation empathetic familiar joyful vibrant body swap animal adventure"
1226863,The Super Mario Galaxy Movie,"Having thwarted Bowser's previous plot to marry Princess Peach, Mario and Luigi now face a fresh threat in Bowser Jr., who is determined to liberate his father from captivity and restore the family legacy. Alongside companions new and old, the brothers travel across the stars to stop the young heir's crusade. Family Comedy Adventure Fantasy Animation Chris Pratt Anya Taylor-Joy Charlie Day Michael Jelenic galaxy friendship sibling relationship space travel turtle sequel slapstick comedy robot based on video game buddy comedy aftercreditsstinger duringcreditsstinger globetrotting space adventure children's adventure father son relationship parallel universe brother brother relationship talking animal magic land absurd baffled joyful wry fictional country"
350,The Devil Wears Prada,"A young woman from the Midwest gets more than she bargained for when she moves to New York to become a writer and ends up as the assistant to the tyrannical, larger-than-life editor-in-chief of a major fashion magazine. Drama Comedy Meryl Streep Anne Hathaway Emily Blunt David Frankel new york city journalist paris, france based on novel or book journalism fashion journal assistant job entrant job interview editor-in-chief fashion fashion magazine bullied city life fashion industry absurd conceited mean spirited ridiculous workplace drama"
1318447,Apex,"A grieving woman pushing her limits on a solo adventure in the Australian wild is ensnared in a twisted game with a cunning killer who thinks she's prey. Action Thriller Charlize Theron Taron Egerton Eric Bana Baltasar Kormákur canoe trip rock climbing nutcase survival instinct australian wilderness missing persons case cat‑and‑mouse chase dangerous threat trollveggen mountains, norway extreme challenges deadly fall grieving woman wandarra national park, australia crossbow hunting investigation resolution"
1669050,Tayuan 2,"A charming bus conductor drawn to both men and women who feels an unexpected spark with a shy commuter. On crowded bus rides where bodies brush, desire grows and love becomes messy. Drama Ashley Lopez Marco Mora Chester Grecia Topel Lee sexy"
1523145,Your Heart Will Be Broken,"High school student Polina is saved from bullying at her new school and makes a deal with the main bully Bars: he must pretend to be her boyfriend and protect her, and she must do everything he says. During this game, the couple develops real feelings, but her family and classmates have reasons to separate the lovers. Romance Drama Daniel Vegas Veronika Zhuravleva Ivan Trushin Mikhail Vaynberg based on novel or book appreciative"
1630423,My Dearest Assassin,"Hunted for her rare blood type, a caged woman vows to fight alongside the assassin she loves to protect their future when an old enemy resurfaces. Action Drama Romance Pimchanok Luevisadpaibul Thanapob Leeratanakachorn Sivakorn Adulsuttikul Taweewat Wantha cynical brisk"
931285,Mortal Kombat II,"The fan favorite champions—now joined by Johnny Cage himself—are pitted against one another in the ultimate, no-holds barred, gory battle to defeat the dark rule of Shao Kahn that threatens the very existence of the Earthrealm and its defenders. Action Fantasy Adventure Karl Urban Adeline Rudolph Jessica McNamee Simon McQuoid martial arts magic ninja fighter gore sequel god alternate dimension ninja fighting based on video game martial arts tournament struggling actor hand to hand combat ominous"
83533,Avatar: Fire and Ash,"In the wake of the devastating war against the RDA and the loss of their eldest son, Jake Sully and Neytiri face a new threat on Pandora: the Ash People, a violent and power-hungry Na'vi tribe led by the ruthless Varang. Jake's family must fight for their survival and the future of Pandora in a conflict that pushes them to their emotional and physical limits. Science Fiction Adventure Fantasy Sam Worthington Zoe Saldaña Sigourney Weaver James Cameron witch clone space war tribe sequel alien transhumanism family space adventure family dynamics rival oscar winner"
1266127,Ready or Not: Here I Come,"Moments after surviving an all-out attack from the Le Domas family, Grace discovers she’s reached the next level of the nightmarish game — and this time with her estranged sister Faith at her side. Grace has one chance to survive, keep her sister alive, and claim the High Seat of the Council that controls the world. Four rival families are hunting her for the throne, and whoever wins rules it all. Thriller Horror Comedy Samara Weaving Kathryn Newton Elijah Wood Matt Bettinelli-Olpin escape ritual dark comedy satanism gore pact with the devil sequel game exploding body satanic ritual satanic cult estranged sister sister sister relationship satanic sisters death game horror"
1292415,Beast,"MMA legend Patton James, now a commercial fisherman, is pulled back into the cage when his brother is in danger. Reuniting with his old coach Sammy, he commits to one final fight in one championship against the brutal champion Xavier Grau. Action Drama Daniel MacPherson Luke Hemsworth Russell Crowe Tyler Atkins mixed martial arts (mma) sports drama"
1327819,Hoppers,"Scientists have discovered how to 'hop' human consciousness into lifelike robotic animals, allowing people to communicate with animals as animals. Animal lover Mabel seizes an opportunity to use the technology, uncovering mysteries within the animal world beyond anything she could have imagined. Animation Adventure Comedy Family Science Fiction Piper Curda Bobby Moynihan Jon Hamm Daniel Chong human vs nature spy beaver oregon, usa transhumanism consciousness aftercreditsstinger duringcreditsstinger human becoming an animal robotic animal 3d animation"
460465,Mortal Kombat,"Washed-up MMA fighter Cole Young, unaware of his heritage, and hunted by Emperor Shang Tsung's best warrior, Sub-Zero, seeks out and trains with Earth's greatest champions as he prepares to stand against the enemies of Outworld in a high stakes battle for the universe. Action Fantasy Adventure Lewis Tan Jessica McNamee Mehcad Brooks Simon McQuoid saving the world magic ninja fighter gore god alternate dimension shaolin monk fighting based on video game martial arts tournament reboot hand to hand combat casual"
936075,Michael,"The story of Michael Jackson, one of the most influential artists the world has ever known, and his life beyond the music. His journey from the discovery of his extraordinary talent as the lead of the Jackson Five, to the visionary artist whose creative ambition fueled a relentless pursuit to become the biggest entertainer in the world, highlighting both his life off-stage and some of the most iconic performances from his early solo career. Music Drama Jaafar Jackson Colman Domingo Nia Long Antoine Fuqua child abuse sibling relationship 1970s abusive father ambition biography singer period drama music history price of fame singer-songwriter rise to fame 1980s 1960s wonder music joyous cheerful biographical drama music drama biopic"
1330021,Remarkably Bright Creatures,"Through unlikely bonds formed during night shifts at a local aquarium, Tova, an elderly widow, learns of a life-changing discovery that may bring her joy and wonder once again. Drama Mystery Sally Field Lewis Pullman Colm Meaney Olivia Newman aquarium octopus british columbia washington loss of child based on young adult novel fictional town"
1198994,Send Help,"Two colleagues become stranded on a deserted island, the only survivors of a plane crash. On the island, they must overcome past grievances and work together to survive, but ultimately, it's a battle of wills and wits to make it out alive. Horror Thriller Comedy Rachel McAdams Dylan O'Brien Edyll Ismail Sam Raimi bullying role reversal survival struggle for survival survival horror deserted island power struggle colleagues bullying in the workplace plane crash gender inequality comedy thriller comedy horror"
1426822,Mortal Game,"A group of hunters travel to a mysterious island to track down a legendary forest creature. They soon realize their guide has set them up as bait, forcing them to confront a highly intelligent predator that terrorizes them one by one. Horror Action Deniella Alexis Kevin Lloyd Reid Mark Ettlinger John Lechago "
1241752,Rita,"Rita, who finds herself alone when husband Ariel works abroad. They both find solace and sexual satisfaction in other people. When Ariel comes back, they both act like nothing happened. But will this keep their marriage from falling apart? Drama Christine Bermas Gold Aceron VR Relosa Jerry Lopez Sineneng threesome lgbt gay theme sexy"
1297842,GOAT,"A small goat with big dreams gets a once-in-a-lifetime shot to join the pros and play roarball, a high-intensity, co-ed, full-contact sport dominated by the fastest, fiercest animals in the world. Animation Comedy Family Caleb McLaughlin Gabrielle Union Stephen Curry Tyree Dillihay underdog friendship sports allies ambition bullying challenge basketball rivalry coming of age anthropomorphism animals intimidation stereotype basketball team basketball player big dreams imaginary world sneakers vulture playful talking animal anthropomorphic animal athlete inspirational enemy courage feel good heartwarming exciting fantasy sports admiring amused joyful sports comedy"
1613798,Vengeance,"The brutal murder of the wife of “Toro,” a military hero in the special forces, turns him into a man with a single purpose: revenge. After a stroke of fate makes him a millionaire, Carlos transforms his fortune into an arsenal and, together with his closest soldiers, sets out to hunt down those responsible. Action Thriller Omar Chaparro Alejandro Speitzer Paola Nuñez Rodrigo Valdes revenge betrayal manhunt vengeance action thriller revenge mission relentless pursuit corrupt officials deadly confrontation dark secrets redemption quest ruthless enemies personal justice violent retaliation innocent victim"
1301421,The Sheep Detectives,"George Hardy is a shepherd who reads detective novels to his beloved sheep every night, assuming they can't possibly understand. But when a mysterious incident disrupts life on the farm, the sheep realize they must become the detectives. As they follow the clues and investigate human suspects, they prove that even sheep can be brilliant crime-solvers. Comedy Family Mystery Hugh Jackman Julia Louis-Dreyfus Emma Thompson Kyle Balda shepherd based on novel or book investigation murder aftercreditsstinger murder mystery investigate talking animal"
980431,Avatar Aang: The Last Airbender,"Avatar Aang, the world's last Airbender, learns of an ancient power that could save his culture from extinction. With the help of his friends, he embarks on a global quest to find it before it falls into the wrong hands and threatens to upend the peace they sacrificed everything to achieve. Animation Action Adventure Fantasy Eric Nam Dave Bautista Jessica Matten Lauren Montgomery martial arts extinction cultural identity based on tv series"
1311031,Demon Slayer: Kimetsu no Yaiba Infinity Castle,"The Demon Slayer Corps are drawn into the Infinity Castle, where Tanjiro, Nezuko, and the Hashira face terrifying Upper Rank demons in a desperate fight as the final battle against Muzan Kibutsuji begins. Animation Action Fantasy Natsuki Hanae Takahiro Sakurai Akira Ishida Haruo Sotozaki supernatural sequel based on manga demon shounen anime brother sister relationship taisho period"
1290821,Shelter,"A man living in self-imposed exile on a remote island rescues a young girl from a violent storm, setting off a chain of events that forces him out of seclusion to protect her from enemies tied to his past. Action Crime Thriller Jason Statham Bodhi Rae Breathnach Naomi Ackie Ric Roman Waugh home invasion mysterious girl ghosts of the past isolated island child protection suspenseful solitary life hidden secret close‑quarters combat dangerous escalation storm rescue unexpected threat violent assault protective instinct lone protector intense action thriller siege situation"
1084242,Zootopia 2,"After cracking the biggest case in Zootopia's history, rookie cops Judy Hopps and Nick Wilde find themselves on the twisting trail of a great mystery when Gary De'Snake arrives and turns the animal metropolis upside down. To crack the case, Judy and Nick must go undercover to unexpected new parts of town, where their growing partnership is tested like never before. Adventure Animation Comedy Family Mystery Ginnifer Goodwin Jason Bateman Ke Huy Quan Jared Bush snake bunny fox cop sequel anthropomorphism animals displacement buddy cop buddy comedy complex playful talking animal 3d animation embarrassed excited"
1292695,They Will Kill You,"A woman answers a help wanted ad to be a housekeeper in a mysterious New York City high-rise, unaware that she is entering a community that has seen a number of disappearances over the years and may be under the grip of a Satanic cult. Action Comedy Horror Zazie Beetz Myha'la Patricia Arquette Kirill Sokolov new york city ritual abusive father gore cult survival disappearance housekeeper survival horror high rise satanic cult manhattan, new york city sister sister relationship mysterious disappearance action horror"
1314481,The Devil Wears Prada 2,"Andy Sachs returns to Runway as Miranda Priestly navigates a new media landscape and Runway's position within. The duo reconnect with former assistant Emily Charlton, now the head of a luxury brand that possesses funding which could ensure Runway's survival. Comedy Drama Meryl Streep Anne Hathaway Emily Blunt David Frankel new york city based on novel or book sequel fashion nostalgic fashion magazine dramedy magazine editor fashion industry introspective fashionista ambiguous amused exhilarated"
755898,War of the Worlds,"Will Radford is a top analyst for Homeland Security who tracks potential threats through a mass surveillance program, until one day an attack by an unknown entity leads him to question whether the government is hiding something from him... and from the rest of the world. Science Fiction Thriller Ice Cube Eva Longoria Clark Gregg Rich Lee government attack privacy surveillance found footage cybersecurity district online privacy screenlife war"
249397,Nymphomaniac: Vol. II,The continuation of Joe's sexually dictated life delves into the darker aspects of her adult life and what led to her being in Seligman's care. Drama Mystery Charlotte Gainsbourg Stellan Skarsgård Stacy Martin Lars von Trier bondage whip sexuality masochism sex therapy chapter sadomasochism sequel sexual violence love nymphomaniac tragedy loneliness masturbation therapy softcore bdsm addict sexual pleasure sexually aggressive woman pleasure virginity abortion sex cruel
1339713,Obsession,"After breaking the mysterious ""One Wish Willow"" to win his crush's heart, a hopeless romantic finds himself getting exactly what he asked for but soon discovers that some desires come at a dark, sinister price. Horror Michael Johnston Inde Navarrette Cooper Tomlinson Curry Barker obsession supernatural possession wish evil spirit love demon couple demonic possession macabre folk horror supernatural horror toy psychological spell psychological horror cursed object mean spirited tragic monkey's paw"
1235192,Wormtown,"One year into a plague of flesh-eating, mind-altering worms, the nocturnal town of Ashland, Ohio, has embraced the parasites’ rule. Under cult-like Mayor Joshua, zealous Ranchers spread their gospel—by persuasion or by force. A trio of uninfected women cling to survival through scavenging, extreme hygiene, and evasion. But everyone breaks eventually, unleashing betrayal, sacrilege, and body horror. Science Fiction Horror Adventure Caitlin McWethy Rachel Ryu Emily Soppe Sergio Pinheiro "
1038918,Magistrate Woman Prison Collection II, Drama History Shin'ya Ohwada Ayako Takaishi Kyōko Aizome Toru Harada 
855435,Faces of Death,"A woman, employed as a website content moderator, comes across a series of violent videos reproducing death scenes from a film. Horror Barbie Ferreira Dacre Montgomery Josie Totah Daniel Goldhaber post-traumatic stress disorder (ptsd) kidnapping beheading trauma sequel murder serial killer internet slasher violent death home invasion death death of sister viral video internet culture tv news anchor copycat killer social media influencer snuff film meta content moderation tense disgusted meta narrative"
938150,Wardriver,"He’s a Wardriver: a hacker who steals from banks, not people—until he’s noticed. Now the money turns violent, and the woman caught in it could save him or kill them both. Thriller Crime Dane DeHaan Sasha Calle Mamoudou Athie Rebecca Thomas "
1419406,The Shadow's Edge,Macau Police brings the tracking expert police officer out of retirement to help catch a dangerous group of professional thieves. Action Crime Drama Thriller Jackie Chan Zhang Zifeng Tony Leung Ka-fai Larry Yang race against time ex-cop betrayal macau hand to hand combat manhunt hidden agenda hacked camera system cryptocurrency security breach tracking expert spectacular action scenes surveillance city family stakes
840464,Greenland 2: Migration,"Having found the safety of the Greenland bunker after the comet Clarke decimated the Earth, the Garrity family must now risk everything to embark on a perilous journey across the wasteland of Europe to find a new home. Adventure Thriller Science Fiction Gerard Butler Morena Baccarin Roman Griffin Davis Ric Roman Waugh natural disaster shelter protective father traumatized child audacious human resilience emotional trauma post‑apocalyptic journey family survival harsh environment constant threat resourceful mother military authority collapse of society resource scarcity parental sacrifice lawless zones"
976912,Graphic Desires,"When reclusive Franklin cheats on his partner with a mysterious girl he meets on a dating app, it becomes the start of a deadly obsession. Thriller Crime David Wayman Sian Altman May Kelly Andy Edwards infidelity cheating killing murder erotic thriller murdered dating app"
1510745,Bodycam,"A call to a quiet suburban home unleashes unthinkable carnage when two officers mistakenly shoot a man and his infant child, spiraling the tragedy into a fierce, unrelenting fall into the unknown. Horror Jaime M. Callica Sean Rogerson Catherine Lough Haggquist Brandon Christensen paranormal phenomena police corruption macabre found footage pov (point of view) police murders bodycam absurd tragic unknown entity"
1414413,Brothers Under Fire,"Captain Jordan Wright's squadron on leave for a wedding in Mexico encounters a murderous cartel. As Jordan tries to lead survivors to safety, war erupts between his squad and the cartel, forcing him into a battle to save his men. Action Thriller Mystery Drama Kiefer Sutherland Tommy Martinez Ashton Sanders Justin Chadwick survival military cartel action méxico"
157336,Interstellar,The adventures of a group of explorers who make use of a newly discovered wormhole to surpass the limitations on human space travel and conquer the vast distances involved in an interstellar voyage. Adventure Drama Science Fiction Matthew McConaughey Anne Hathaway Michael Caine Christopher Nolan rescue future spacecraft race against time artificial intelligence (a.i.) nasa time warp dystopia expedition space travel wormhole famine hibernation black hole quantum mechanics family relationships love space apocalypse planet robot astronaut scientist single father farmer space station gravity space adventure time paradox time-manipulation cryonics father daughter relationship 2060s exhilarated
1579,Apocalypto,"Set in the Mayan civilization, when a man's idyllic presence is brutally disrupted by a violent invading force, he is taken on a perilous journey to a world ruled by fear and oppression where a harrowing end awaits him. Through a twist of fate and spurred by the power of his love for his woman and his family he will make a desperate break to return home and to ultimately save his way of life. Action Drama History Rudy Youngblood Raoul Max Trujillo Gerardo Taracena Mel Gibson loss of loved one maya civilization village solar eclipse affectation slavery tribe native american forest human sacrifice eclipse central america ancient civilization angry aggressive 16th century candid maya temple ancient language film absurd dramatic critical admiring adoring ambiguous ambivalent approving assertive audacious authoritarian awestruck baffled celebratory commanding defiant earnest empathetic enchant"
976912,Graphic Desires,"When reclusive Franklin cheats on his partner with a mysterious girl he meets on a dating app, it becomes the start of a deadly obsession. Thriller Crime David Wayman Sian Altman May Kelly Andy Edwards infidelity cheating killing murder erotic thriller murdered dating app"
510657,Wellwood,Nick makes an extraterrestrial discovery that he decides will cure his wife of her terminal illness. Science Fiction Horror Drama Thriller Keisha Castle-Hughes Lance E. Nichols Camille Balsamo Eliza Hooper 
1368166,The Housemaid,"Trying to escape her past, Millie Calloway accepts a job as a live-in housemaid for the wealthy Nina and Andrew Winchester. But what begins as a dream job quickly unravels into something far more dangerous—a sexy, seductive game of secrets, scandal, and power. Mystery Thriller Sydney Sweeney Amanda Seyfried Brandon Sklenar Paul Feig based on novel or book manipulation psychological thriller housekeeper dominance attic housemaid enigmatic adaptation secret mystery suspense thriller power shift social disparity"
7451,xXx,"Xander Cage is your standard adrenaline junkie with no fear and a lousy attitude. When the US Government ""recruits"" him to go on a mission, he's not exactly thrilled. His mission: to gather information on an organization that may just be planning the destruction of the world, led by the nihilistic Yorgi. Action Adventure Thriller Crime Drama Vin Diesel Asia Argento Marton Csokas Rob Cohen mission biological weapon sports car cold war prague, czech republic nsa agent adrenaline junkie thrill seeker"
1632181,Accidental Partners,Two women discover they were both scammed by the same man (who also got them pregnant). They form an alliance to take revenge. Comedy Romance Family Angelique Boyer Bárbara de Regil Diego Klein Ihtzi Hurtado 
1171145,Crime 101,"When an elusive thief whose high-stakes heists unfold along the iconic 101 freeway in Los Angeles eyes the score of a lifetime, with hopes of this being his final job, his path collides with a disillusioned insurance broker who is facing her own crossroads. Determined to crack the case, a relentless detective closes in on the operation, raising the stakes even higher. Crime Thriller Chris Hemsworth Mark Ruffalo Halle Berry Bart Layton robbery based on novel or book jewelry heist police chase los angeles, california police detective diamond heist insurance lapd motorcycle chase jewel robbery ford mustang amused car chases antwerp diamonds"
78192,Michael Jackson: The Life of an Icon,"See Michael Jackson, one of the most recognizable and popular entertainers of all time, like never before in the feature-length tribute Michael Jackson: The Life of an Icon. Known to millions of fans worldwide for his record-breaking albums, groundbreaking music videos, mesmerizing dance moves and humanitarian efforts, his true story has never really been told...until now. This unprecedented look into the King of Pop's fascinating life includes all-new interviews with his mother Katherine Jackson as well as siblings Tito and Rebbie Jackson,  his nephew  Jaafar Jackson and niece Tahkyah brings plenty Jackson and Friends ends and music legends such as Smokey Robinson, Dionne Warwick and  his 3 children and many more. Documentary Music Michael Jackson David Gest Tito Jackson Andrew Eastel "
1325734,The Drama,"A happily engaged couple is put to the test when an unexpected turn sends their wedding week off the rails. Romance Comedy Drama Zendaya Robert Pattinson Mamoudou Athie Kristoffer Borgli infidelity boston, massachusetts dark comedy romcom engaged couple trust issues cautionary tense"
318256,Hot Girls Wanted,A first-ever look at the realities of the professional “amateur” porn world and the steady stream of 18-to-19-year old girls entering into it. Documentary Stella May Brian Omally Ava Taylor Ronna Gradus porn star softcore craigslist woman director adult filmmaking sex trade adult
1159559,Scream 7,"When a new Ghostface killer emerges in the quiet town where Sidney Prescott has built a new life, her darkest fears are realized as her daughter becomes the next target. Determined to protect her family, Sidney must face the horrors of her past to put an end to the bloodshed once and for all. Horror Mystery Crime Neve Campbell Courteney Cox Isabel May Kevin Williamson mask artificial intelligence (a.i.) sequel murder serial killer slasher whodunit killing spree self-referential reboot crime spree duringcreditsstinger shocking aggressive murder mystery masked villain murder spree teen horror bold horrified whodunnit"
440249,After Porn Ends 2,"After Porn Ends 2 picks up where its predecessor left off and not only turns back the clock to meet the oldest living stars in adult film's history, but goes in depth with some of Its most current retirees and juxtaposes their experiences in a life after porn. Delving deeper into society's ongoing stigmas of race, misogyny, and the reality of decreasing opportunities for these former VHS box cover stars. For some, their careers in adult entertainment is accepted proudly and without regret. In fact, it seems to have proven to be the pathway to their current happiness and inner peace. For others, however, a career in porn has proven to be a conduit to certain despair as they struggle to find a way to bury their past and emerge with a new career or calling. Documentary Ginger Lynn Lisa Ann Janine Lindemulder Bryce Wagoner interview porn actress observational documentary adult industry workers porno adult film actress informative adult"
278,The Shawshank Redemption,"Imprisoned in the 1940s for the double murder of his wife and her lover, upstanding banker Andy Dufresne begins a new life at the Shawshank prison, where he puts his accounting skills to work for an amoral warden. During his long stretch in prison, Dufresne comes to be admired by the other inmates -- including an older prisoner named Red -- for his integrity and unquenchable sense of hope. Drama Crime Tim Robbins Morgan Freeman Bob Gunton Frank Darabont prison friendship police brutality corruption based on novel or book freedom hope prison cell delinquent redemption parole board prison escape wrongful imprisonment interracial friendship framed for murder hopeless 1940s voiceover appreciative exhilarated"
24428,The Avengers,"When an unexpected enemy emerges and threatens global safety and security, Nick Fury, director of the international peacekeeping agency known as S.H.I.E.L.D., finds himself in need of a team to pull the world back from the brink of disaster. Spanning the globe, a daring recruitment effort begins! Science Fiction Action Adventure Robert Downey Jr. Chris Evans Mark Ruffalo Joss Whedon new york city superhero shield based on comic alien invasion superhero team aftercreditsstinger duringcreditsstinger marvel cinematic universe (mcu)"
1173559,Insidious Inferno,A secluded cottage is plagued by gruesome murders and unbeknownst to the inhabitants something other worldly lurks within the halls. Can the couple solve the mystery of the cursed grounds in time or will they open the door to the inferno? Horror Stephanie Leet Neil Green Chynna Rae Shurts Calvin Morie McCarthy 
1383731,Protector,"Nikki's life is shattered when her daughter is kidnapped. Thrust into the criminal underworld while hunted by cops and military, she must fight to rescue her child. Action Thriller Milla Jovovich Matthew Modine Isabel Myers Adrian Grünberg kidnapping rescue mission war hero underworld action"
1582770,Dhurandhar: The Revenge,"As rival gangs, corrupt officials and a ruthless Major Iqbal close in, Hamza's mission for his country spirals into a bloody personal war where the line between patriot and monster disappears in the streets of Lyari. Action Crime Thriller Ranveer Singh Arjun Rampal R. Madhavan Aditya Dhar undercover espionage politics spy traitor patriotism nationalism gore gang leader pakistan sequel betrayal conspiracy torture soldier india interrogation terrorist attack undercover operation gun violence bloodshed political corruption serious intense cruel excited"
458293,Michael Jackson: Searching for Neverland,"Based on the best-selling book, Remember the Time: Protecting Michael Jackson in His Final Days, and told through the eyes of Jackson's trusted bodyguards, Bill Whitfield and Javon Beard. The movie will reveal firsthand the devotion Michael Jackson had to his children, and the hidden drama that took place during the last two years of his life. Drama TV Movie Navi Chad L. Coleman Sam Adegoke Dianne Houston melancholy nervous adoring foreboding"
10867,Malena,"12-year-old Renato experiences three significant events on the same day: the beginning of the Second World War, getting a bike, and witnessing the arrival of the gorgeous Malèna. Through his eyes, we see the curse of beauty and loneliness of Malena, whose husband is presumed dead, and, through his soul, we see his love for her. Drama Monica Bellucci Giuseppe Sulfaro Luciano Federico Giuseppe Tornatore prostitute jealousy sicily, italy widow world war ii longing coming of age beautiful woman crush sex trafficking intrigue pretty woman milf sad story dramatic rich to poor broken women"
1173559,Insidious Inferno,A secluded cottage is plagued by gruesome murders and unbeknownst to the inhabitants something other worldly lurks within the halls. Can the couple solve the mystery of the cursed grounds in time or will they open the door to the inferno? Horror Stephanie Leet Neil Green Chynna Rae Shurts Calvin Morie McCarthy 
1265609,War Machine,"On one last grueling mission during Army Ranger training, a combat engineer must lead his unit in a fight against a giant otherworldly killing machine. Action Science Fiction Thriller Alan Ritchson Dennis Quaid Stephan James Patrick Hughes struggle for survival military training hostile afghanistan veteran alien hunters alien arrival military sci-fi u.s. army ranger extraterrestrial threat special forces training firefights hostile encounter high‑intensity conflict gore elements veteran soldier remote outpost"
1383731,Protector,"Nikki's life is shattered when her daughter is kidnapped. Thrust into the criminal underworld while hunted by cops and military, she must fight to rescue her child. Action Thriller Milla Jovovich Matthew Modine Isabel Myers Adrian Grünberg kidnapping rescue mission war hero underworld action"
299536,Avengers: Infinity War,"As the Avengers and their allies have continued to protect the world from threats too large for any one hero to handle, a new danger has emerged from the cosmic shadows: Thanos. A despot of intergalactic infamy, his goal is to collect all six Infinity Stones, artifacts of unimaginable power, and use them to inflict his twisted will on all of reality. Everything the Avengers have fought for has led up to this moment - the fate of Earth and existence itself has never been more uncertain. Adventure Action Science Fiction Robert Downey Jr. Chris Evans Chris Hemsworth Joe Russo sacrifice magic superhero based on comic space battlefield genocide magical object super power superhero team aftercreditsstinger marvel cinematic universe (mcu) cosmic"
1038392,The Conjuring: Last Rites,"Paranormal investigators Ed and Lorraine Warren take on one last terrifying case involving mysterious entities they must confront. Horror Patrick Wilson Vera Farmiga Mia Tomlinson Michael Chaves pennsylvania, usa supernatural exorcism haunted house sequel priest religion wedding spirit paranormal investigation ghost 1980s demonic mirror supernatural horror horror"
1110034,Kraken,"A marine biologist is doing research on a fish farm when she encounters several strange occurrences. Along with the brutal deaths of two teenagers, all signs point to the deep fjord; can there be more to the depths than the eye can see? Horror Action Thriller Sara Khorami Mikkel Bratt Silset Ingvild Holthe Bygdnes Pål Øie sea monster norwegian folklore cautionary"
502356,The Super Mario Bros. Movie,"While working underground to fix a water main, Brooklyn plumbers—and brothers—Mario and Luigi are transported down a mysterious pipe and wander into a magical new world. But when the brothers are separated, Mario embarks on an epic quest to find Luigi. Family Comedy Adventure Fantasy Animation Chris Pratt Anya Taylor-Joy Charlie Day Michael Jelenic gorilla plumber villain anthropomorphism based on video game nostalgic toad aftercreditsstinger duringcreditsstinger damsel in distress piano brother brother relationship 3d animation evil king"
1084577,Balls Up,"Two marketing executives go ""balls out"" and pitch a bold full‑coverage condom sponsorship with the World Cup. After their drunken celebration in Brazil sparks a global scandal, they must outrun furious fans, criminals, and power-hungry officials to salvage their careers and make it home alive. Comedy Action Adventure Mark Wahlberg Paul Walter Hauser Sacha Baron Cohen Peter Farrelly world cup brazil"
238,The Godfather,"Spanning the years 1945 to 1955, a chronicle of the fictional Italian-American Corleone crime family. When organized crime family patriarch, Vito Corleone barely survives an attempt on his life, his youngest son, Michael steps in to take care of the would-be killers, launching a campaign of bloody revenge. Drama Crime Marlon Brando Al Pacino James Caan Francis Ford Coppola based on novel or book loss of loved one love at first sight italy gangster symbolism patriarch europe organized crime mafia religion revenge motive crime family sicilian mafia religious hypocrisy gun violence rise to power gang violence 1940s 1950s mafia war best picture winner oscar winner"
1196067,Worldbreaker,"Five years ago, a tear in the fabric of reality brought creatures to our world from an alternate dimension bent on our destruction. A father hides his daughter on an island to keep her safe while he prepares her for survival and the battles to come. But when the world is about to break, no place is safe. Science Fiction Action Horror Milla Jovovich Luke Evans Billie Boullet Brad Anderson monster climate change global warming near future front-line soldier environmental collapse dystopian unknown danger family survival looming catastrophe parental protection apocalyptic tone planetary threat emotional stakes military checkpoints"
425274,Now You See Me: Now You Don't,"The original Four Horsemen reunite with a new generation of illusionists to take on powerful diamond heiress Veronika Vanderberg, who leads a criminal empire built on money laundering and trafficking. The new and old magicians must overcome their differences to work together on their most ambitious heist yet. Crime Thriller Jesse Eisenberg Dominic Sessa Ariana Greenblatt Ruben Fleischer diamond antwerp sequel diamond heist misdirection hidden agenda sleight of hand team up mystery and intrigue antwerp diamonds magic heist illusion mastery team synergy showmanship illusionist team twist reveal international theft"
603,The Matrix,"Set in the 22nd century, The Matrix tells the story of a computer hacker who joins a group of underground insurgents fighting the vast and powerful computers who now rule the earth. Action Science Fiction Keanu Reeves Laurence Fishburne Carrie-Anne Moss Lana Wachowski man vs machine martial arts kung fu dreams fortune teller artificial intelligence (a.i.) saving the world hacker self sacrifice virtual reality fight prophecy truth philosophy dystopia allegory insurgence chosen one pill simulated reality  cyberpunk dream world action hero gnosticism oracle soothsayer commanding allegory of the cave dystopian"
441168,From Straight A's to XXX,"When a change of circumstances leaves Miriam unable to pay her college tuition, she makes a surprising decision: to start performing in adult films, using the pseudonym Belle Knox. Miriam lies to her family and her friends at school, keeping her double life a secret. But soon rumours spread and Miriam becomes the subject of vicious online attacks and unwanted attention. Miriam fights back: she talks to the media, saying her new line of work empowers her as a feminist. But her confident stand has unintended consequences. Miriam is shunned by her conservative family and her colleagues in the adult film world. One impulsive decision has quickly spiralled out of control - and Miriam's problems are just beginning. Drama TV Movie Haley Pullos Sasha Clements Judd Nelson Vanessa Parise adult filmmaking"
1601797,¿Quieres ser mi novia?,"Javi and Lu's relationship faces dangerous territory as old and new temptations emerge: a young woman reigniting Javi's chemistry and a mature man pursuing Lu. Through humor, entanglements, and surprises, their love is tested. Comedy Romance Ludwika Paleta Juanpa Zurita Harold Azuara Ihtzi Hurtado love relación"
911430,F1,Racing legend Sonny Hayes is coaxed out of retirement to lead a struggling Formula 1 team—and mentor a young hotshot driver—while chasing one more chance at glory. Action Drama Brad Pitt Damson Idris Javier Bardem Joseph Kosinski sports comeback racing race car driver sport competition aftercreditsstinger beforecreditsstinger rookie formula one (f1) motorsport car racing disdainful exhilarated joyful
28322,Madness,"An escaped convicted murderer invades the cottage of a man, his wife and the wife's sister, whereupon he proceeds to torment this already dysfunctional trio with rape and violence. Thriller Action Crime Joe Dallesandro Patrizia Behn Gianni Macchia Fernando Di Leo rape escaped convict murder home invasion"
744275,After We Fell,"Just as Tessa's life begins to become unglued, nothing is what she thought it would be. Not her friends nor her family. The only person that she should be able to rely on is Hardin, who is furious when he discovers the massive secret that she's been keeping. Before Tessa makes the biggest decision of her life, everything changes because of revelations about her family. Drama Romance Josephine Langford Hero Fiennes Tiffin Carter Jenkins Castille Landon based on novel or book family history love teenage crush woman director family tension zealous mischievous enraged"
1641319,Sniper: No Nation,Brandon Beckett and Agent Zero lead a rescue mission in Costa Verde when their friends are taken hostage. Action Thriller Chad Michael Collins Ryan Robbins Manuel Rodriguez-Saenz Trevor Calverley special operation hostile territory extraction mission terrorist cell tactical action military thriller ambush operation geopolitical tension intel specialist team betrayal rogue operative abandoned outposts remote compounds hostile border region veteran sniper
1177445,Cannibal Mukbang,"Shy and looking for love, Mark quickly becomes smitten with the outgoing and mysterious Ash. But as his feelings for her intensify, so does his unexpected submersion into Ash's biggest love: the wild world of mukbanging. And with it, lots of bloodshed. Horror Comedy Romance April Consalo Nate Wise Clay von Carlowitz Aimee Kuge "
27205,Inception,"Cobb, a skilled thief who commits corporate espionage by infiltrating the subconscious of his targets is offered a chance to regain his old life as payment for a task considered to be impossible: ""inception"", the implantation of another person's idea into a target's subconscious. Action Science Fiction Adventure Leonardo DiCaprio Joseph Gordon-Levitt Ken Watanabe Christopher Nolan mission dreams kidnapping spy allegory intellectual manipulation heist memory dream world subconscious high concept dream"
803796,KPop Demon Hunters,"When K-pop superstars Rumi, Mira and Zoey aren't selling out stadiums, they're using their secret powers to protect their fans from supernatural threats. Fantasy Music Comedy Animation Arden Cho May Hong Ji-young Yoo Chris Appelhans double life loyalty supernatural affectation musical female friendship female protagonist demon self-doubt sing-along girl power duringcreditsstinger demon hunter girl group boy band fandom reflective k-pop action comedy found family south korea korean 3d animation lighthearted grand half demon save the world self-redemption powerful k-pop group trio"
1316092,"""Wuthering Heights""","Tragedy strikes when Heathcliff falls in love with Catherine Earnshaw, a woman from a wealthy family in 18th-century England. Romance Drama Margot Robbie Jacob Elordi Hong Chau Emerald Fennell dying and death infidelity based on novel or book forbidden love grief orphan period drama biting sexual sadism kinky foster child 18th century woman director gothic romance whitewashing passion and romance romantic drama dramatic violence conceited ghoulish gothic period pettiness period romance sensual"
155,The Dark Knight,"Batman raises the stakes in his war on crime. With the help of Lt. Jim Gordon and District Attorney Harvey Dent, Batman sets out to dismantle the remaining criminal organizations that plague the streets. The partnership proves to be effective, but they soon find themselves prey to a reign of chaos unleashed by a rising criminal mastermind known to the terrified citizens of Gotham as the Joker. Action Crime Thriller Christian Bale Heath Ledger Aaron Eckhart Christopher Nolan sadism chaos secret identity crime fighter superhero anti hero scarecrow based on comic vigilante organized crime tragic hero anti villain criminal mastermind district attorney super power super villain neo-noir bold"
1010581,My Fault,"Noah must leave her city, boyfriend, and friends to move into William Leister's mansion, the flashy and wealthy husband of her mother Rafaela. As a proud and independent 17 year old, Noah resists living in a mansion surrounded by luxury. However, it is there where she meets Nick, her new stepbrother, and the clash of their strong personalities becomes evident from the very beginning. Drama Romance Thriller Nicole Wallace Gabriel Guevara Marta Hazas Domingo González first time forbidden love stepbrother female protagonist underage sex stepsister disturbed based on young adult novel enemies to lovers passion and romance car disapproving disgusted step-sibling romance"
1272837,28 Years Later: The Bone Temple,Dr. Kelson finds himself in a shocking new relationship - with consequences that could change the world as they know it - and Spike's encounter with Jimmy Crystal becomes a nightmare he can't escape. Horror Thriller Science Fiction Ralph Fiennes Jack O'Connell Alfie Williams Nia DaCosta england post-apocalyptic future satanism satanist sequel satan survival zombie death crucifix survival horror satanic cult zombie apocalypse northumberland
1368337,The Odyssey,"Odysseus, the legendary King of Ithaca, embarks on a long and perilous journey home following the Trojan War. Throughout his voyage, he is forced to confront the whims of gods, mythological monsters, and trials that stretch both his cunning and his humanity to the breaking point. Adventure Action Fantasy Matt Damon Tom Holland Anne Hathaway Christopher Nolan greek mythology based on song, poem or rhyme greek history voyage peplum ancient mythical"
1352874,The Crucifix: Blood of the Exorcist,"A gruesome discovery in the grounds of their new home plunges a young couple into a maelstrom of spiritual possession, pagan rituals, Viking battles, and violent revenge. Horror Hannaj Bang Bendz Dean Kilbey Nicholas Anscombe Stephen Roach scotland exorcism possession evil spirit priest couple tomb backyard exorcist demonic possession grave digging buried treasure human skeleton new start ancient artifact ancient grave grieving couple"
1214931,Nuremberg,"In postwar Germany, an American psychiatrist must determine whether Nazi prisoners are fit to go on trial for war crimes, and finds himself in a complex battle of intellect and ethics with Hermann Göring, Hitler's right-hand man. History Drama Russell Crowe Rami Malek Michael Shannon James Vanderbilt based on novel or book world war ii nuremberg trials based on true story nuremberg, germany post world war ii historical drama 1940s hermann göring"
680,Pulp Fiction,"A burger-loving hit man, his philosophical partner, a drug-addled gangster's moll and a washed-up boxer converge in this sprawling, comedic crime caper. Their adventures unfurl in three stories that ingeniously trip back and forth in time. Thriller Crime Comedy John Travolta Samuel L. Jackson Uma Thurman Quentin Tarantino drug dealer drug crime dark comedy stolen money crime boss redemption los angeles, california theft nonlinear timeline multiple storylines neo-noir dramatic"
39924,Exposé,A paranoid writer is unable to get started on his second novel. He hires a secretary and then his troubles really begin. Thriller Horror Udo Kier Linda Hayden Fiona Richmond James Kenelm Clarke rape sadism psychopath country house controversy writer's block revenge murder secretary writer lesbian sex novelist video nasty
680493,Return to Silent Hill,"When James receives a mysterious letter from his lost love Mary, he is drawn to Silent Hill—a once-familiar town now consumed by darkness. As he searches for her, James faces monstrous creatures and unravels a terrifying truth that will push him to the edge of his sanity. Mystery Drama Horror Jeremy Irvine Hannah Emily Anderson Evie Templeton Christophe Gans monster wife supernatural letter painter sequel punishment love survival murder creature based on video game ghost town psychological plot twist psychological horror violence ambivalent"
122,The Lord of the Rings: The Return of the King,"As armies mass for a final battle that will decide the fate of the world--and powerful, ancient forces of Light and Dark compete to determine the outcome--one member of the Fellowship of the Ring is revealed as the noble heir to the throne of the Kings of Men. Yet, the sole hope for triumph over evil lies with a brave hobbit, Frodo, who, accompanied by his loyal friend Sam and the hideous, wretched Gollum, ventures deep into the very dark heart of Mordor on his seemingly impossible quest to destroy the Ring of Power.​ Adventure Fantasy Action Elijah Wood Ian McKellen Viggo Mortensen Peter Jackson army based on novel or book elves dwarf magic kingdom obsession allegory bravery castle volcano giant spider sequel honor king brutality madness split personality fantasy world wizard epic battle journey ring mysterious quest live action and animation hero's journey high fantasy wraith sword and sorcery christ figure power madness great war trekking cautionary good versus evil sword making war christian allegory complicated winged creatures armies"
361743,Top Gun: Maverick,"After more than thirty years of service as one of the Navy’s top aviators, and dodging the advancement in rank that would ground him, Pete “Maverick” Mitchell finds himself training a detachment of TOP GUN graduates for a specialized mission the likes of which no living pilot has ever seen. Action Drama Tom Cruise Miles Teller Jennifer Connelly Joseph Kosinski fighter pilot u.s. navy sequel nuclear weapons military aircraft carrier naval aviation war admiring audacious earnest"
1336770,Vaazha II,"Four friends – Hashir, Alan, Ajin and Vinayak – are considered losers and troublemakers by parents, family and the school management. They face immense social pressure as they reach adulthood, embarking them on an emotional journey of self discovery and acceptance, where they finally learn to take up their responsibilities and find success. Comedy Drama Hashir Alan Bin Siraj Ajin Joy Savin Sa "
11013,Secretary,"A young woman, recently released from a mental hospital, gets a job as a secretary to a demanding lawyer, where their employer-employee relationship turns into a sexual, sadomasochistic one. Romance Drama Comedy James Spader Maggie Gyllenhaal Jeremy Davies Steven Shainberg suicide clerk fetish sadomasochism secretary lawyer hospital typewriter kinky cutting pantyhose bdsm workplace romance"
496243,Parasite,"All unemployed, Ki-taek's family takes peculiar interest in the wealthy and glamorous Parks for their livelihood until they get entangled in an unexpected incident. Comedy Thriller Drama Song Kang-ho Lee Sun-kyun Cho Yeo-jeong Bong Joon Ho dark comedy con artist social commentary working class infiltration psychological thriller class differences family unemployed domestic worker wealthy family south korea cautionary caste violence seoul, south korea anti-capitalist best picture winner oscar winner"
1228710,Star Wars: The Mandalorian and Grogu,"The evil Empire has fallen, and Imperial warlords remain scattered throughout the galaxy. As the fledgling New Republic works to protect everything the Rebellion fought for, they have enlisted the help of legendary Mandalorian bounty hunter Din Djarin and his young apprentice Grogu. Adventure Science Fiction Action Pedro Pascal Jeremy Allen White Sigourney Weaver Jon Favreau galaxy bounty hunter space opera space adventure based on tv series star wars"
1317448,No Place to Be Single,"A brilliant and intelligent love comedy that celebrates second chances and new horizons, starring a strong and determined woman who settles the score. Romance Comedy Matilde Gioli Cristiano Caccamo Amanda Campana Laura Chiossone based on novel or book romcom second chance"
479787,Lost Youth, Romance Nam Koong Won Lee Ki-seon Jeong So-yeong 
299534,Avengers: Endgame,"After the devastating events of Avengers: Infinity War, the universe is in ruins due to the efforts of the Mad Titan, Thanos. With the help of remaining allies, the Avengers must assemble once more in order to undo Thanos' actions and restore order to the universe once and for all, no matter what consequences may be in store. Adventure Science Fiction Action Robert Downey Jr. Chris Evans Mark Ruffalo Joe Russo superhero time travel space travel time machine based on comic sequel alien invasion superhero team marvel cinematic universe (mcu) alternate timeline father daughter relationship sister sister relationship"
1234731,Anaconda,"A group of friends facing mid-life crises head to the rainforest with the intention of remaking their favorite movie from their youth, only to find themselves in a fight for their lives against natural disasters, giant snakes and violent criminals. Adventure Comedy Horror Jack Black Paul Rudd Steve Zahn Tom Gormican snake animal attack amazon rainforest film in film jungle reptile anaconda reboot animal horror meta bold demeaning"
1304313,Lee Cronin's The Mummy,"The young daughter of a journalist disappears into the desert without a trace—eight years later, the broken family is shocked when she is returned to them, as what should be a joyful reunion turns into a living nightmare. Horror Mystery Jack Reynor Laia Costa May Calamawy Lee Cronin journalist egypt monster ritual kidnapping new mexico pyramid investigation supernatural sand mummy animal attack possession disappearance curse demon tomb missing person scorpion reboot coyote plane crash supernatural horror body horror horror harsh"
1168190,The Wrecking Crew,"Estranged half-brothers Jonny and James reunite after their father's mysterious death. As they search for the truth, buried secrets reveal a conspiracy threatening to tear their family apart. Action Comedy Crime Mystery Dave Bautista Jason Momoa Temuera Morrison Ángel Manuel Soto brotherhood reunion family conflict power struggle hand to hand combat family legacy helicopter chase brother brother relationship loss of father explosive action high‑stakes mission rival enforcer team loyalty vengeful motives muscular spectacle strategic fighter heavy firepower"
1306368,The Rip,"Trust frays when a team of Miami cops discovers millions in cash inside a run-down stash house, calling everyone — and everything — into question. Action Thriller Crime Matt Damon Ben Affleck Teyana Taylor Joe Carnahan miami, florida police investigation cover-up betrayal shootout dirty cop trust double cross attic sting operation cartel hidden money fbi agent drug money violence loyalty conflict"
120,The Lord of the Rings: The Fellowship of the Ring,"Young hobbit Frodo Baggins, after inheriting a mysterious ring from his uncle Bilbo, must leave his home in order to keep it from falling into the hands of its evil creator. Along the way, a fellowship is formed to protect the ringbearer and make sure that the ring arrives at its final destination: Mt. Doom, the only place where it can be destroyed. Adventure Fantasy Action Elijah Wood Ian McKellen Viggo Mortensen Peter Jackson based on novel or book elves dwarf magic obsession allegory bravery fireworks mine maze mountain castle birthday party troll battle demon blizzard uncle nephew relationship fantasy world journey ring invisibility mysterious live action and animation hero's journey wraith sword and sorcery trekking good versus evil christian allegory complicated optimistic"
129,Spirited Away,"A young girl, Chihiro, becomes trapped in a strange new world of spirits. When her parents undergo a mysterious transformation, she must call upon the courage she never knew she had to free her family. Animation Family Fantasy Rumi Hiiragi Miyu Irino Mari Natsuki Hayao Miyazaki witch parent child relationship darkness bath house magic spirit parallel world amusement park youkai japanese mythology anime"
1084187,Pretty Lethal,A troupe of ballerinas find themselves fighting for survival as they attempt to escape from a remote inn after their bus breaks down on the way to a dance competition. Music Thriller Action Horror Maddie Ziegler Lana Condor Iris Apatow Vicky Jewson hungary dance competition ballerina prima ballerina remote inn admiring fight for survival dance troupe
1358280,Taboo: Family Secrets,"A family is fractured by Lukas, the patriarch, and his ongoing infidelities. When the son Tyler comes home for a visit, a taboo passion between him and his stepmother Amanda blossoms, changing the family dynamics forever. The allegiances and expectations shift radically as the truth is revealed. Romance Drama Thriller Costas Mandylor Deborah Twiss Staffan Edenholm Deborah Twiss "
1470130,The Mortuary Assistant,"Rebecca Owens, a recent mortuary science graduate takes a night shift job at River Fields Mortuary. Initially, the job seems straightforward — embalming bodies, completing paperwork, and keeping things tidy. But once Rebecca starts working the night shift, things take a dark turn. Horror Mystery Willa Holland Paul Sparks John Adams Jeremiah Kipp night shift based on video game mortuary macabre desperate supernatural horror psychological horror callous"
634649,Spider-Man: No Way Home,"Peter Parker is unmasked and no longer able to separate his normal life from the high-stakes of being a super-hero. When he asks for help from Doctor Strange the stakes become even more dangerous, forcing him to discover what it truly means to be Spider-Man. Action Adventure Science Fiction Tom Holland Zendaya Benedict Cumberbatch Jon Watts new york city hero showdown magic loss of loved one secret identity superhero villain portal based on comic sequel vigilante superhero team masked vigilante alternative reality aftercreditsstinger duringcreditsstinger marvel cinematic universe (mcu) masked superhero fight for justice teen superhero superhero teamup returning hero teamwork excited"
807,Se7en,"Two homicide detectives are on a desperate hunt for a serial killer whose crimes are based on the ""seven deadly sins"" in this dark and haunting film that takes viewers from the tortured remains of one victim to the next. The seasoned Det. Somerset researches each sin in an effort to get inside the killer's mind, while his novice partner, Mills, scoffs at his efforts to unravel the case. Crime Mystery Thriller Morgan Freeman Brad Pitt Gwyneth Paltrow David Fincher rage and hate police s.w.a.t. sadism self-fulfilling prophecy psychopath detective investigation insomnia murder serial killer religion shootout corpse seven deadly sins depravity neo-noir urban gothic suspenseful seven: los siete pecados capitales"
1022789,Inside Out 2,"Teenager Riley's mind headquarters is undergoing a sudden demolition to make room for something entirely unexpected: new Emotions! Joy, Sadness, Anger, Fear and Disgust, who’ve long been running a successful operation by all accounts, aren’t sure how to feel when Anxiety shows up. And it looks like she’s not alone. Animation Adventure Comedy Family Amy Poehler Maya Hawke Kensington Tallman Kelsey Mann sadness disgust sequel computer animation teenage girl fear anger envy aftercreditsstinger duringcreditsstinger emotions embarrasment joy anxiety witty assertive cheerful"
808,Shrek,"It ain't easy bein' green -- especially if you're a likable (albeit smelly) ogre named Shrek. On a mission to retrieve a gorgeous princess from the clutches of a fire-breathing dragon, Shrek teams up with an unlikely compatriot -- a wisecracking donkey. Animation Comedy Fantasy Adventure Family Mike Myers Eddie Murphy Cameron Diaz Andrew Adamson princess based on novel or book magic fairy tale donkey liberation lordship prince castle villain robin hood enchantment swamp parody anthropomorphism dragon woman director ogre grand cartoon donkey witty"
1115544,Mike & Nick & Nick & Alice,"Two gangsters and the woman they love try to survive the most dangerous night of their lives. As if that wasn’t enough, there’s one wild ingredient added to the mix: a time machine. Comedy Science Fiction Crime James Marsden Vince Vaughn Eiza González BenDavid Grabinski love triangle hitman gangster time travel time machine shootout mob boss loan shark buddy comedy friends love same woman violence action approving action sequence action film action choreography fight scene sci-fi action multi‑timeline characters unpredictable situations fractured friendships buddy action"
879945,The Unknown Man,"Louis, a Flemish writer, decides to isolate himself at the Côte d’Azur, hoping this place will bring him inspiration. Drama Geert Van Rampelberg Samuel Suchod Anna Sacuto Anthony Schatteman côte d'azur writer lgbt gay theme short film"
13192,Moonwalker,This fantastical movie inspired by the music of Michael Jackson features imaginative interpretations of hit tracks from the iconic 1987 album “Bad”. Fantasy Music Michael Jackson Joe Pesci Sean Ono Lennon Colin Chilvers dancing drug crime gangster entertainer parody stop motion live performance robot claymation live action and animation reminiscent cheerful empathetic
269955,Obsessed,"A secret, passionate affair happens in the summer of 1969 between Colonel Jin Pyeong, trapped in a loveless marriage with Soo Jin, and Jong Ga Heun, the Chinese-Korean wife of Captain Kyung Woo Jin. Drama Song Seung-heon Lim Ji-yeon Cho Yeo-jeong Kim Dae-woo vietnam war military base love affair 1960s korean army"
1234821,Jurassic World Rebirth,"Five years after the events of Jurassic World Dominion, covert operations expert Zora Bennett is contracted to lead a skilled team on a top-secret mission to secure genetic material from the world's three most massive dinosaurs. When Zora's operation intersects with a civilian family whose boating expedition was capsized, they all find themselves stranded on an island where they come face-to-face with a sinister, shocking discovery that's been hidden from the world for decades. Science Fiction Adventure Action Scarlett Johansson Mahershala Ali Jonathan Bailey Gareth Edwards island secret mission tyrannosaurus rex spinosaurus sequel stranded dinosaur family genetic experiment mosasaurus indifferent"
9823,Mortal Kombat: Annihilation,"A group of heroic warriors has only six days to save the planet in ""Mortal Kombat Annihilation."" To succeed they must survive the most spectacular series of challenges any human, or god, has ever encountered as they battle an evil warlord bent on taking control of Earth. Action Fantasy Science Fiction Robin Shou Talisa Soto James Remar John R. Leonetti martial arts saving the world magic authority transformation villain sequel alternate dimension ninja tournament battle fighting underground fighting based on video game hand to hand combat warrior centaur action hero supernatural power good versus evil"
9823,Mortal Kombat: Annihilation,"A group of heroic warriors has only six days to save the planet in ""Mortal Kombat Annihilation."" To succeed they must survive the most spectacular series of challenges any human, or god, has ever encountered as they battle an evil warlord bent on taking control of Earth. Action Fantasy Science Fiction Robin Shou Talisa Soto James Remar John R. Leonetti martial arts saving the world magic authority transformation villain sequel alternate dimension ninja tournament battle fighting underground fighting based on video game hand to hand combat warrior centaur action hero supernatural power good versus evil"
1075175,How to Have Sex,"Three British teenage girls go on a rites-of-passage holiday—drinking, clubbing and hooking up, in what should be the best summer of their lives. Drama Mia McKenna-Bruce Lara Peake Enva Lewis Molly Manning Walker female friendship crete coming of age teenage girl female protagonist summer woman director sexual assault hookup generation z consent sex partying"
550,Fight Club,"A ticking-time-bomb insomniac and a slippery soap salesman channel primal male aggression into a shocking new form of therapy. Their concept catches on, with underground ""fight clubs"" forming in every town, until an eccentric gets in the way and ignites an out-of-control spiral toward oblivion. Drama Thriller Edward Norton Brad Pitt Helena Bonham Carter David Fincher dual identity rage and hate based on novel or book nihilism fight support group dystopia insomnia alter ego breaking the fourth wall split personality quitting a job dissociative identity disorder self destructiveness"
979,Irreversible,"A woman’s lover and her ex-boyfriend take justice into their own hands after she becomes the victim of a rapist. Because some acts can’t be undone. Because man is an animal. Because the desire for vengeance is a natural impulse. Because most crimes remain unpunished. Drama Thriller Crime Monica Bellucci Vincent Cassel Albert Dupontel Gaspar Noé prostitute rape paris, france police nihilism homophobia homicide insanity heroin celibacy trauma assault masochism gore knife violence against women love revenge fear cruelty brutality drugs evil boyfriend lgbt misogyny debauchery degeneration disfigurement rape and revenge dehumanization new french extremism altruism depressing defiant"
258216,Nymphomaniac: Vol. I,"A man named Seligman finds a fainted wounded woman in an alley and he brings her home. She tells him that her name is Joe and that she is nymphomaniac. Joe tells her life and sexual experiences with hundreds of men since she was a young teenager while Seligman tells about his hobbies, such as fly fishing, reading about Fibonacci numbers or listening to organ music. Drama Charlotte Gainsbourg Stellan Skarsgård Stacy Martin Lars von Trier uniform virgin sexual obsession fly fishing sex addiction sin beating sexual promiscuity promiscuity softcore promiscuous woman addict experience abuse sex"
13576,This Is It,"A compilation of interviews, rehearsals and backstage footage of Michael Jackson as he prepared for his series of sold-out shows in London. Music Documentary Michael Jackson Orianthi Kenny Ortega Kenny Ortega concert pop star pop culture backstage dance music semi-documentary music recording industrial music nostalgic african american child aftercreditsstinger duringcreditsstinger candid legacy music manager lyrical music documentary musical journey struggling musician artistic legacy behind the music provocative dramatic incredulous african american comedy admiring appreciative awestruck bold celebratory earnest euphoric exhilarated powerful"
533535,Deadpool & Wolverine,"A listless Wade Wilson toils away in civilian life with his days as the morally flexible mercenary, Deadpool, behind him. But when his homeworld faces an existential threat, Wade must reluctantly suit-up again with an even more reluctant Wolverine. Action Comedy Science Fiction Ryan Reynolds Hugh Jackman Emma Corrin Shawn Levy hero superhero anti hero mutant breaking the fourth wall aftercreditsstinger duringcreditsstinger marvel cinematic universe (mcu) mutants superhero teamup"
969681,Spider-Man: Brand New Day,"Four years have passed since the events of No Way Home, and Peter is now an adult living entirely alone, having voluntarily erased himself from the lives and memories of those he loves. Crime-fighting in a New York that no longer knows his name, he's devoted himself entirely to protecting his city — a full-time Spider-Man — but as the demands on him intensify, the pressure sparks a surprising physical evolution that threatens his existence, even as a strange new pattern of crimes gives rise to one of the most powerful threats he has ever faced. Science Fiction Action Adventure Tom Holland Zendaya Sadie Sink Destin Daniel Cretton superhero based on comic super power marvel cinematic universe (mcu) masked superhero"
214756,Ted 2,"Newlywed couple Ted and Tami-Lynn want to have a baby, but in order to qualify to be a parent, Ted will have to prove he's a person in a court of law. Comedy Fantasy Mark Wahlberg Seth MacFarlane Amanda Seyfried Seth MacFarlane sperm bank sequel buddy courthouse teddy bear aftercreditsstinger toy comes to life provocative"
372058,Your Name.,"High schoolers Mitsuha and Taki are complete strangers living separate lives. But one night, they suddenly switch places. Mitsuha wakes up in Taki’s body, and he in hers. This bizarre occurrence continues to happen randomly, and the two must adjust their lives around each other. Animation Romance Drama Ryunosuke Kamiki Mone Kamishiraishi Ryo Narita Makoto Shinkai high school race against time dreams afterlife natural disaster supernatural time travel comet romance tragedy school body-swap high school student nonlinear timeline naked star crossed lovers power of love anime japanese high school urban fantasy incredulous"
1534530,The Whisper,"Fleeing from their violent father, siblings Lucía and Adrián take refuge in a remote mansion. With the help of a hidden micro-camera on a cat, Lucía uncovers a terrifying secret: their neighbors are part of a criminal network that kidnaps teenage girls to make snuff films, and they intend to get rid of the siblings. As Lucía fights to protect her brother, she must face a dark family curse that follows them into their newfound sanctuary. Horror Ana Clara Guanco Marcelo Michinaux Luciano Cáceres Gustavo Hernández "
848116,Rocky Aur Rani Kii Prem Kahaani,"Gym-freak brat Rocky falls in love with Rani, who comes from a well-educated Bengali family. Being from polar opposite worlds, the two decide to switch their families to adjust to each other's cultures and backgrounds and to know if their marriage will survive. Rocky and Rani are trapped in a world where they are united by love but divided by families and the ultimate question is will they fit in? Comedy Drama Family Romance Alia Bhatt Ranveer Singh Jaya Bachchan Karan Johar musical nostalgia love interest nostalgic wealthy family"
1400357,The Christophers,"The estranged children of a once-famous artist hire a forger to complete his unfinished works so they can be ""discovered"" and sold after his death. Crime Comedy Michaela Coel Ian McKellen Jessica Gunning Steven Soderbergh inheritance struggling artist forgery struggling career forger art restoration estranged family famous painter art forger unfinished work"
671,Harry Potter and the Philosopher's Stone,"Harry Potter has lived under the stairs at his aunt and uncle's house his whole life. But on his 11th birthday, he learns he's a powerful wizard—with a place waiting for him at the Hogwarts School of Witchcraft and Wizardry. As he learns to harness his newfound powers with the help of the school's kindly headmaster, Harry uncovers the truth about his parents' deaths—and about the villain who's to blame. Adventure Fantasy Daniel Radcliffe Rupert Grint Emma Watson Chris Columbus witch school friend friendship london, england based on novel or book magic boarding school male friendship child hero school of witchcraft chosen one bullying school ghost nostalgic fantasy world wizard pre-teen calm children's adventure based on young adult novel found family owl male female friendship adoring teen fantasy"
597,Titanic,"101-year-old Rose DeWitt Bukater tells the story of her life aboard the Titanic, 84 years later. A young Rose boards the ship with her mother and fiancé. Meanwhile, Jack Dawson and Fabrizio De Rossi win third-class tickets aboard the ship. Rose tells the whole story from Titanic's departure through to its death—on its first and last voyage—on April 15, 1912. Drama Romance Leonardo DiCaprio Kate Winslet Billy Zane James Cameron ship soulmates shipwreck atlantic ocean evacuation iceberg titanic forbidden love ocean liner based on true story rich woman poor man tragedy tragic love historical fiction class differences love affair historical event sinking ship rich snob tragic romance disaster movie 1910s"
13,Forrest Gump,"A man with a low IQ has accomplished great things in his life and been present during significant historic events—in each case, far exceeding what anyone imagined he could do. But despite all he has achieved, his one true love eludes him. Comedy Drama Romance Tom Hanks Robin Wright Gary Sinise Robert Zemeckis new year's eve vietnam war vietnam veteran mentally disabled friendship usa president washington dc, usa post-traumatic stress disorder (ptsd) waitress based on novel or book hippie single parent parent child relationship optimism 1970s drug addiction autism alabama black panther party bus stop family relationships chameleon single mother military anti war protest 1960s college american football mother son relationship america hilarious feel-good"
798645,The Running Man,"Desperate to save his sick daughter, working-class Ben Richards is convinced by The Running Man's charming but ruthless producer to enter the deadly competition game as a last resort. But Ben's defiance, instincts, and grit turn him into an unexpected fan favorite — and a threat to the entire system. As ratings skyrocket, so does the danger, and Ben must outwit not just the Hunters, but a nation addicted to watching him fall. Action Thriller Science Fiction Glen Powell William H. Macy Lee Pace Edgar Wright based on novel or book game show survival on the run media manipulation desperate near future pretentious dystopian future authoritarian control public spectacle rigged competition broadcast violence elite hunters corrupt producers state propaganda mass entertainment"
950396,The Gorge,"Two highly trained operatives grow close from a distance after being sent to guard opposite sides of a mysterious gorge. When an evil below emerges, they must work together to survive what lies within. Romance Science Fiction Thriller Miles Teller Anya Taylor-Joy Sigourney Weaver Scott Derrickson isolation fog tower elite sniper trust issues snipers long-term observation paranoïa unknown threat mysterious canyon sci‑fi romance espionage mission surveillance partners enigmatic environment survival pressure restricted zone"
1087040,Money Shot: The Pornhub Story,"Featuring interviews with performers, activists and past employees, this documentary offers a deep dive into the successes and scandals of Pornhub. Documentary Noelle Perdue Michael Stabile Siri Dahl Suzanne Hillinger porn industry porn actress adult filmmaking onlyfans porn"
646315,The Legendary Lighter,A man who used to be called Lighter cleans up his act from his days as a gangster and struggles to start over. Action Kim Hae-joon Park Sharon Lee Dong-ju Chae Ki-jun fighting action hero
1688652,Gary,"Two friends go on a work trip and encounter unexpected challenges and local personalities as they navigate their assignment. Their efforts to adapt to unfamiliar surroundings highlights moments of humor, small-town culture and the unpredictable nature of work travel. As they troubleshoot problems, their experience leaves a lasting impression and offers new perspectives on their friendship. Drama Comedy Ebon Moss-Bachrach Jon Bernthal Marin Ireland Christopher Storer prequel gary, indiana dramedy"
14836,Coraline,"Wandering her rambling old house in her boring new town, 11-year-old Coraline discovers a hidden door to a strangely idealized version of her life. In order to stay in the fantasy, she must make a frighteningly real sacrifice. Animation Family Fantasy Dakota Fanning Teri Hatcher Jennifer Saunders Henry Selick friendship dreams based on novel or book eye stuffed animal stop motion parallel world button new home secret door female villain reality vs fantasy dark fantasy aftercreditsstinger duringcreditsstinger horror for children talking cat somber parallel universe callous"
1539104,JUJUTSU KAISEN: Execution,"A veil abruptly descends over the busy Shibuya area amid the bustling Halloween crowds, trapping countless civilians inside. Satoru Gojo, the strongest jujutsu sorcerer, steps into the chaos. But lying in wait are curse users and spirits scheming to seal him away. Yuji Itadori, accompanied by his classmates and other top-tier jujutsu sorcerers, enters the fray in an unprecedented clash of curses — the Shibuya Incident. In the aftermath, ten colonies across Japan are transformed into dens of curses in a plan orchestrated by Noritoshi Kamo. As the deadly Culling Game starts, Special Grade sorcerer Yuta Okkotsu is assigned to carry out Yuji's execution for his perceived crimes. A compilation movie of Shibuya Incident including the first two episodes of the Culling Games arc. Animation Action Fantasy Junya Enoki Megumi Ogata Koji Yusa Shota Goshozono compilation based on manga edited from tv series shounen anime distressing"
240,The Godfather Part II,"In the continuing saga of the Corleone crime family, a young Vito Corleone grows up in Sicily and in 1910s New York. In the 1950s, Michael Corleone attempts to expand the family business into Las Vegas, Hollywood and Cuba. Drama Crime Al Pacino Robert Duvall Diane Keaton Francis Ford Coppola new year's eve new york city based on novel or book italian american cuba italy gangster praise blackmail symbolism senator revenge murder betrayal organized crime extortion mafia lawyer suburb sicilian mafia corrupt politician macabre 1950s new year violence"
1002398,Donselya,"Iris, an 18-year old virgin marries Joaquin, a rich widower, because of money. However, when he learns that Iris is not really a virgin, their honeymoon turns to a bloodbath. Drama Romance Dyessa Garcia Arnold Reyes Anthony Dabao Christopher Novabos sexy"
950396,The Gorge,"Two highly trained operatives grow close from a distance after being sent to guard opposite sides of a mysterious gorge. When an evil below emerges, they must work together to survive what lies within. Romance Science Fiction Thriller Miles Teller Anya Taylor-Joy Sigourney Weaver Scott Derrickson isolation fog tower elite sniper trust issues snipers long-term observation paranoïa unknown threat mysterious canyon sci‑fi romance espionage mission surveillance partners enigmatic environment survival pressure restricted zone"
372058,Your Name.,"High schoolers Mitsuha and Taki are complete strangers living separate lives. But one night, they suddenly switch places. Mitsuha wakes up in Taki’s body, and he in hers. This bizarre occurrence continues to happen randomly, and the two must adjust their lives around each other. Animation Romance Drama Ryunosuke Kamiki Mone Kamishiraishi Ryo Narita Makoto Shinkai high school race against time dreams afterlife natural disaster supernatural time travel comet romance tragedy school body-swap high school student nonlinear timeline naked star crossed lovers power of love anime japanese high school urban fantasy incredulous"
1268127,Humint,A South Korean agent hunts a drug ring in Russia and goes head-to-head with a North Korean operative — pulling both into peril and tangled secrets. Thriller Action Drama Zo In-sung Park Jeong-min Park Hae-joon Ryoo Seung-wan double agent double cross undercover operation south korea north korea inter-korean relations national intelligence service (nis) political conspiracy spy vs spy deadly alliance trust no one hidden truths silent war broken loyalty shadow politics cold betrayal final operation intelligence war nis agent humint
497,The Green Mile,"A supernatural tale set on death row in a Southern prison, where gentle giant John Coffey possesses the mysterious power to heal people's ailments. When the cell block's head guard, Paul Edgecomb, recognizes Coffey's miraculous gift, he tries desperately to help stave off the condemned man's execution. Fantasy Drama Crime Tom Hanks David Morse Bonnie Hunt Frank Darabont mentally disabled death penalty based on novel or book southern usa psychopath death row jail guard supernatural great depression prison guard jail electric chair capital punishment torture magic realism healing 1930s abuse of power"
1061474,Superman,"Superman, a journalist in Metropolis, embarks on a journey to reconcile his Kryptonian heritage with his human upbringing as Clark Kent. Science Fiction Adventure Action David Corenswet Rachel Brosnahan Nicholas Hoult James Gunn dual identity superhero based on comic super power reboot modern day adaptation aftercreditsstinger duringcreditsstinger epic battle supervillain dc universe (dcu) anti-imperialism hopeful blockbuster alien heritage symbol of hope journalistic investigation city destruction world‑saving mission"
662707,Starbright,"A young woman becomes the guardian of a fallen star, which she must protect from dangerous forces with the help of a brave stranger. Adventure Action John Rhys-Davies Ted Levine Elisabeth Röhm Francesco Lucente fairy tale condescending disgusted"
1233413,Sinners,"Trying to leave their troubled lives behind, twin brothers return to their hometown to start again, only to discover that an even greater evil is waiting to welcome them back. Horror Action Thriller Michael B. Jordan Hailee Steinfeld Miles Caton Ryan Coogler chicago, illinois capitalism ku klux klan musician immortality vampire cousin surrealism sin alcoholism vampire hunter (slayer) church twins blunt estranged wife dual role cousin relationship death of daughter blues music aftercreditsstinger klansmen 1990s 1930s salvation assimilation chinese immigrant brother brother relationship southern gothic afro-descendants supernatural horror playful train station mississippi frightened"
872585,Oppenheimer,The story of J. Robert Oppenheimer's role in the development of the atomic bomb during World War II. Drama History Cillian Murphy Emily Blunt Matt Damon Christopher Nolan husband wife relationship based on novel or book atomic bomb patriotism new mexico world war ii atomic bomb test physics biography based on true story antisemitism interrogation guilt historical event nuclear weapons communism red scare mccarthyism top secret project moral dilemma usa politics 1940s 20th century manhattan project los alamos
1010755,The Strangers: Chapter 3,"Tethered by a frightening conclusion, Maya and the Strangers are locked on an unavoidable, unforgiving collision course — a showdown that proves they’re far from strangers now. Horror Thriller Madelaine Petsch Richard Brake Ema Horvath Renny Harlin sequel slasher struggle for survival reboot masked killer stalkers serial killers violent confrontations dirty sheriff cat‑and‑mouse chase isolated setting violent intrusion unexpected attacks victims under siege moral collapse"
1383519,Wolf Beach,Manu works at a beach bar. Klaus won't leave the last beach chair. What seems like a clash between opposites turns suspicious when Manu doubts Klaus's presence is coincidental. Tension builds until Klaus makes a disturbing offer. Comedy Thriller Guillermo Francella Dani Rovira Antonia San Juan Javier Veiga 
19995,Avatar,"In the 22nd century, a paraplegic Marine is dispatched to the moon Pandora on a unique mission, but becomes torn between following orders and protecting an alien civilization. Science Fiction Action Adventure Sam Worthington Zoe Saldaña Sigourney Weaver James Cameron paraplegic attachment to nature culture clash indigenous space travel space colony tribe alien planet distant future marine battle love affair scientist nature native peoples power relations tribal customs tribal people tribal chief cryonics spiritual community 22nd century save the planet racial discrimination soldiers awestruck bold exhilarated"
11,Star Wars,Princess Leia is captured and held hostage by the evil Imperial forces in their effort to take over the galactic Empire. Venturesome Luke Skywalker and dashing captain Han Solo team together with the loveable robot duo R2-D2 and C-3PO to rescue the beautiful princess and restore peace and justice in the Empire. Adventure Action Science Fiction Mark Hamill Harrison Ford Carrie Fisher George Lucas empire galaxy rebellion android hermit smuggling (contraband) freedom rebel rescue mission space planet desert super power oppression space opera wizard totalitarianism tuwaderalit
980477,Ne Zha 2,"After a catastrophic event leaves their bodies destroyed, Ne Zha and Ao Bing are granted a fragile second chance at life. As tensions rise between the dragon clans and celestial forces, the two must undergo a series of perilous trials that will test their bond, challenge their identities, and decide the fate of both mortals and immortals. Animation Action Fantasy Adventure Lu Yanting Joseph Han Mo Jiao Zi fight magic dark fantasy based on myths, legends or folklore 3d animation nezha chinese mythology donghua"
1691129,Mulan: Light A fire,"After returning home from war, Mulan discovers her family shattered by corruption and violence. As she investigates the truth behind her brother’s death, she uncovers a vast conspiracy involving corrupt officials and ruthless merchants, forcing her onto a solitary path of vengeance and justice. Drama Chu Aixu  revenge"
1280738,The Furious,"After Wang Wei's daughter is kidnapped by a criminal network and he receives no help from the corrupt police, Wei sets out to find her himself. His only ally is Navin, a relentless journalist whose wife has mysteriously disappeared. Fueled by a furious vengeance, the unlikely duo ruthlessly battle the kidnappers in this explosive martial arts showdown. Action Crime Thriller Xie Miao Joe Taslim Yang Enyou Kenji Tanigaki martial arts kung fu child kidnapping tradesman missing wife corrupt police relentless vengeance dynamic duo"
1159831,The Bride!,"A lonely Frankenstein travels to 1930s Chicago to ask groundbreaking scientist Dr. Euphronious to create a companion for him. The two revive a murdered young woman and The Bride is born. But what ensues is beyond what either of them imagined. Science Fiction Horror Fantasy Jessie Buckley Christian Bale Peter Sarsgaard Maggie Gyllenhaal chicago, illinois new york city prostitute based on novel or book musical mad scientist niagara falls murder loneliness police corruption back from the dead attempted rape undercover operation companion woman director sexual assault femicide 1930s gothic romance female scientist female revolution frankenstein monster girl horror romance romantic fantasy mary shelley sci-fi horror audacious"
269149,Zootopia,"Determined to prove herself, Officer Judy Hopps, the first bunny on Zootopia's police force, jumps at the chance to crack her first case - even if it means partnering with scam-artist fox Nick Wilde to solve the mystery. Animation Adventure Family Comedy Ginnifer Goodwin Jason Bateman Idris Elba Byron Howard sheep allegory lion hippopotamus cartoon villain bullying polar bear con artist anthropomorphism revenge conspiracy urban female protagonist animals rookie cop missing person fable racial prejudice injustice reconciliation female villain buddy cop stereotype aftercreditsstinger cartoon rabbit villain arrested discrimination cartoon bear thoughtful cartoon animal cartoon fox cartoon elephant intense cheerful"
424,Schindler's List,"The true story of how businessman Oskar Schindler saved over a thousand Jewish lives from the Nazis while they worked as slaves in his factory during World War II. Drama History War Liam Neeson Ben Kingsley Ralph Fiennes Steven Spielberg factory hero nazi concentration camp ss (nazi schutzstaffel) holocaust (shoah) world war ii ghetto jew persecution kraków, poland defense industry auschwitz-birkenau concentration camp biography based on true story industrialist historical fiction black and white train period drama poland evil historical drama disheartening"
348,Alien,"During its return to the earth, commercial spaceship Nostromo intercepts a distress signal from a distant planet. When a three-member team of the crew discovers a chamber containing thousands of eggs on the planet, a creature inside one of the eggs attacks an explorer. The entire crew is unaware of the impending nightmare set to descend upon them when the alien parasite planted inside its unfortunate host is birthed. Horror Science Fiction Tom Skerritt Sigourney Weaver Veronica Cartwright Ridley Scott android spacecraft space marine biology dystopia countdown space suit beheading space travel cowardice alien space female protagonist parasite space opera cosmos"
214756,Ted 2,"Newlywed couple Ted and Tami-Lynn want to have a baby, but in order to qualify to be a parent, Ted will have to prove he's a person in a court of law. Comedy Fantasy Mark Wahlberg Seth MacFarlane Amanda Seyfried Seth MacFarlane sperm bank sequel buddy courthouse teddy bear aftercreditsstinger toy comes to life provocative"
569094,Spider-Man: Across the Spider-Verse,"After reuniting with Gwen Stacy, Brooklyn’s full-time, friendly neighborhood Spider-Man is catapulted across the Multiverse, where he encounters the Spider Society, a team of Spider-People charged with protecting the Multiverse's very existence. But when the heroes clash on how to handle a new threat, Miles finds himself pitted against the other Spiders and must set out on his own to save those he loves most. Animation Action Adventure Science Fiction Shameik Moore Hailee Steinfeld Brian Tyree Henry Justin K. Thompson new york city hero double life sacrifice secret identity superhero villain portal based on comic sequel romance alter ego alternate dimension parenting family alternate version super power brooklyn, new york city superhero team spider bite super villain cliffhanger masked superhero teenage romance young heroes teen superhero teen social issues chelsea alternate universe superhero teamup female superhero slow burn romance interdimensional travel ambiguous cliché enthusiastic excited vibrant"
44980,Zero Woman 2,"When a valuable suitcase is stolen, the mob, petty criminals, and a beautiful agent from the Elite Zero division are pulled into a battle to settle the score. Action Thriller Natsuki Ozawa Saori Iwama Kane Kosugi Daisuke Gotô female assassin"
278986,Gangor,An Italian film from Italo Spinelli Drama Priyanka Bose Tillotama Shome Adil Hussain Italo Spinelli 
1246049,Dracula,"In late 15th-century Eastern Europe, Prince Vlad II’s bride is brutally murdered. As a result, he renounces God and damns Heaven itself. Cursed with eternal life, Vlad is reborn as Dracula, an immortal warlord who defies fate in a blood-soaked crusade to wrench his lost love back from death. Horror Fantasy Romance Caleb Landry Jones Zoë Bleu Sidel Christoph Waltz Luc Besson paris, france vampire beheading parfum gargoyle gothic horror music box eternal love 19th century 15th century loss of wife dracula"
335984,Blade Runner 2049,"Thirty years after the events of the first film, a new blade runner, LAPD Officer K, unearths a long-buried secret that has the potential to plunge what's left of society into chaos. K's discovery leads him on a quest to find Rick Deckard, a former LAPD blade runner who has been missing for 30 years. Science Fiction Drama Ryan Gosling Harrison Ford Ana de Armas Denis Villeneuve future android bounty hunter artificial intelligence (a.i.) dystopia sequel cyberpunk transhumanism los angeles, california las vegas tech noir cyber thriller humanoid robot blade runner 2040s serious slow burn direct informative dystopian oscar winner"
664767,Mortal Kombat Legends: Scorpion's Revenge,"After the vicious slaughter of his family by stone-cold mercenary Sub-Zero, Hanzo Hasashi is exiled to the torturous Netherrealm. There, in exchange for his servitude to the sinister Quan Chi, he’s given a chance to avenge his family – and is resurrected as Scorpion, a lost soul bent on revenge. Back on Earthrealm, Lord Raiden gathers a team of elite warriors – Shaolin monk Liu Kang, Special Forces officer Sonya Blade, and action star Johnny Cage – an unlikely band of heroes with one chance to save humanity. To do this, they must defeat Shang Tsung's horde of Outworld gladiators and reign over the Mortal Kombat tournament. Animation Action Fantasy Patrick Seitz Jordan Rodrigues Jennifer Carpenter Ethan Spaulding magic ninja fighter revenge sorcerer tournament shaolin monk fighting based on video game adult animation god of thunder"
1290417,Thrash,"When a Category 5 hurricane decimates a coastal town, the storm surge brings devastation, chaos, and something far more frightening onto shore: hungry sharks. Horror Thriller Phoebe Dynevor Whitney Peak Djimon Hounsou Tommy Wirkola hurricane natural disaster shark attack survival horror flood animal horror fight for survival ocean horror family under threat unpredictable danger life‑or‑death struggle storm threat isolated survivors fear‑driven decisions scientific expertise"
438631,Dune,"Paul Atreides, a brilliant and gifted young man born into a great destiny beyond his understanding, must travel to the most dangerous planet in the universe to ensure the future of his family and his people. As malevolent forces explode into conflict over the planet's exclusive supply of the most precious resource in existence-a commodity capable of unlocking humanity's greatest potential-only those who can conquer their fear will survive. Science Fiction Adventure Timothée Chalamet Rebecca Ferguson Oscar Isaac Denis Villeneuve empire future army based on novel or book prophecy dystopia emperor sand spice chosen one hallucinogen treason baron revenge premonition betrayal space water shortage creature desert knife fight destiny giant worm space opera sand dune messiah mother son relationship giant creature complicated dune best picture nominee oscar winner"
769,GoodFellas,"The true story of Henry Hill, a half-Irish, half-Sicilian Brooklyn kid who is adopted by neighbourhood gangsters at an early age and climbs the ranks of a Mafia family under the guidance of Jimmy Conway. Drama Crime Robert De Niro Ray Liotta Joe Pesci Martin Scorsese prison florida new york city based on novel or book gangster mass murder drug trafficking 1970s irish-american gore biography based on true story murder organized crime mafia brooklyn, new york city crime epic tampa, florida"
967998,Fatal Conspiracy,"Davi Martins, a commercial director of a financial institution, and Juliana Martins, a personal trainer, are a couple trying to recover from a crisis. At work, Davi ends up getting involved in the investigation of a financial scandal, putting himself in the crosshairs of dangerous people. Little by little, Juliana discovers that her new home may not be a new beginning, but the stage for a real nightmare. Some secrets may end her life. Horror Aline Mineiro Ricardo Ramory Ruben Espinoza Renato Siqueira "
744,Top Gun,"For Lieutenant Pete 'Maverick' Mitchell and his friend and co-pilot Nick 'Goose' Bradshaw, being accepted into an elite training school for fighter pilots is a dream come true. But a tragedy, as well as personal demons, will threaten Pete's dreams of becoming an ace pilot. Action Drama Romance Tom Cruise Kelly McGillis Val Kilmer Tony Scott dying and death secret love lovesickness airplane loss of loved one self-discovery hostility fighter pilot pilot training camp battle assignment u.s. navy cowardliness homoeroticism pilot school based on magazine, newspaper or article admiring celebratory commanding exuberant"
1317288,Marty Supreme,"Marty Mauser, a young man with a dream no one respects, goes to hell and back in pursuit of greatness. Drama Thriller Timothée Chalamet Gwyneth Paltrow Odessa A'zion Josh Safdie new york city sports capitalism hustler narcissism ping pong scheming 1950s dedication american businessman table tennis amused bewildered oscar nominee best picture nominee"
866398,The Beekeeper,One man's campaign for vengeance takes on national stakes after he is revealed to be a former operative of a powerful and clandestine organization known as Beekeepers. Action Crime Thriller Jason Statham Emmy Raver-Lampman Josh Hutcherson David Ayer massachusetts secret government organization government conspiracy hand to hand combat vengeance fbi agent beekeepers scam call center retired assassin revenge mission relentless pursuit scam operation justice by force system corruption powerful elites
1011985,Kung Fu Panda 4,"Po is gearing up to become the spiritual leader of his Valley of Peace, but also needs someone to take his place as Dragon Warrior. As such, he will train a new kung fu practitioner for the spot and will encounter a villain called the Chameleon who conjures villains from the past. Action Adventure Animation Comedy Family Fantasy Jack Black Awkwafina Viola Davis Mike Mitchell martial arts kung fu china villain sequel panda anthropomorphism chameleon female villain pathetic cliché joyful pretentious"
121,The Lord of the Rings: The Two Towers,"Frodo Baggins and the other members of the Fellowship continue on their sacred quest to destroy the One Ring--but on separate paths. Their destinies lie at two towers--Orthanc Tower in Isengard, where the corrupt wizard Saruman awaits, and Sauron's fortress at Barad-dur, deep within the dark lands of Mordor. Frodo and Sam are trekking to Mordor to destroy the One Ring of Power while Gimli, Legolas and Aragorn search for the orc-captured Merry and Pippin. All along, nefarious wizard Saruman awaits the Fellowship members at the Orthanc Tower in Isengard. Adventure Fantasy Action Elijah Wood Ian McKellen Viggo Mortensen Peter Jackson mission army based on novel or book elves dwarf magic obsession allegory bravery castle reincarnation sequel battle brutality guide split personality marsh fantasy world wizard journey ring live action and animation hero's journey high fantasy wraith sword and sorcery trekking evil spell good versus evil trees awestruck comforting complicated hopeful winged creatures"
557,Spider-Man,"After being bitten by a genetically altered spider at Oscorp, nerdy but endearing high school student Peter Parker is endowed with amazing powers to become the superhero known as Spider-Man. Action Science Fiction Tobey Maguire Willem Dafoe Kirsten Dunst Sam Raimi new york city adolescence photographer loss of loved one photography secret identity hostility superhero spider bad boss villain based on comic teenage boy teenage love evil super villain taking responsibility"
150540,Inside Out,"When 11-year-old Riley moves to a new city, her Emotions team up to help her through the transition. Joy, Fear, Anger, Disgust and Sadness work together, but when Joy and Sadness get lost, they must journey through unfamiliar places to get back home. Animation Family Adventure Drama Comedy Amy Poehler Phyllis Smith Richard Kind Pete Docter dreams san francisco, california minnesota sadness cartoon disgust ice hockey imaginary friend elementary school family relationships memory fear family anger unicorn running away duringcreditsstinger emotions emotion joy compassionate empathetic hopeful"
389,12 Angry Men,"The defense and the prosecution have rested and the jury is filing into the jury room to decide if a young Spanish-American is guilty or innocent of murdering his father. What begins as an open and shut case soon becomes a mini-drama of each of the jurors' prejudices and preconceptions about the trial, the accused, and each other. Drama Martin Balsam John Fiedler Lee J. Cobb Sidney Lumet death penalty anonymity court case judge jurors innocence witness knife matter of life and death based on play or musical trial murder debate capital punishment black and white courtroom angry courtroom drama huis clos baffled derisive foreboding"
73353,Man in the Mirror: The Michael Jackson Story,Chronicles the rise and fall of pop king Michael Jackson. Drama TV Movie Flex Alexander Krista Rae Eugene Clark Allan Moyle 
1088434,Hellfire,A drifter with a mysterious past arrives in a small town and finds the residents in the grip of a ruthless crime boss and realizes he has to help them. Action Thriller Stephen Lang Harvey Keitel Scottie Thompson Isaac Florentine 
693134,Dune: Part Two,"Follow the mythic journey of Paul Atreides as he unites with Chani and the Fremen while on a path of revenge against the conspirators who destroyed his family. Facing a choice between the love of his life and the fate of the known universe, Paul endeavors to prevent a terrible future only he can foresee. Science Fiction Adventure Timothée Chalamet Zendaya Rebecca Ferguson Denis Villeneuve based on novel or book sandstorm chosen one distant future creature planet desert destiny giant worm space opera sand dune allegorical messiah fall from grace vengeance religious allegory giant creature power ambiguous antagonistic melodramatic dune best picture nominee oscar winner"
1236153,Mercy,"In the near future, a detective stands on trial accused of murdering his wife. He has ninety minutes to prove his innocence to the advanced AI Judge he once championed, before it determines his fate. Science Fiction Action Thriller Chris Pratt Rebecca Ferguson Kali Reis Timur Bekmambetov race against time mission artificial intelligence (a.i.) bomb kidnapping cop los angeles, california false accusations innocent suspect father daughter relationship criminal justice system evidence room near future screenlife alcoholic cop crime dystopian"
519182,Despicable Me 4,"Gru and Lucy and their girls—Margo, Edith and Agnes—welcome a new member to the Gru family, Gru Jr., who is intent on tormenting his dad. Gru also faces a new nemesis in Maxime Le Mal and his femme fatale girlfriend Valentina, forcing the family to go on the run. Action Animation Comedy Family Science Fiction Steve Carell Kristen Wiig Will Ferrell Chris Renaud superhero villain sequel super villain aftercreditsstinger duringcreditsstinger kids calm"
862,Toy Story,"Led by Woody, Andy's toys live happily in his room until Andy's birthday brings Buzz Lightyear onto the scene. Afraid of losing his place in Andy's heart, Woody plots against Buzz. But when circumstances separate Buzz and Woody from their owner, the duo eventually learns to put aside their differences. Family Comedy Animation Adventure Tom Hanks Tim Allen Don Rickles John Lasseter rescue friendship mission jealousy villain bullying elementary school rivalry anthropomorphism friends computer animation buddy walkie talkie toy car boy next door new toy neighborhood toy comes to life resourcefulness toy hilarious cheerful pixar"
4588,"Lust, Caution","During World War II, a secret agent must seduce and assassinate an official who works for the Japanese puppet government in Shanghai. Action Drama Romance Thriller Tony Leung Chiu-wai Tang Wei Joan Chen Ang Lee secret love china sexual obsession shanghai, china cheating espionage resistance in love with enemy traitor lover insurgence war on freedom occupying power insurrection love hong kong older man younger woman relationship extramarital affair mahjong resistance fighter erotic thriller 1940s"
62177,Brave,"In the mystical Scottish Highlands, Merida is the princess of a kingdom ruled by King Fergus and Queen Elinor. An unruly daughter and an accomplished archer, Merida one day defies a sacred custom of the land and inadvertently brings turmoil to the kingdom. In an attempt to set things right, Merida seeks out an eccentric old Wise Woman and is granted an ill-fated wish. Also figuring into Merida's quest — and serving as comic relief — are the kingdom's three lords: the enormous Lord MacGuffin, the surly Lord Macintosh, and the disagreeable Lord Dingwall. Animation Family Fantasy Adventure Kelly Macdonald Emma Thompson Billy Connolly Brenda Chapman witch kingdom scotland rebel bravery villain wish archer bear scot rebellious daughter turns into animal archery ruins aftercreditsstinger peace offering woman director insecure quest grim irreverent absurd whimsical derogatory disdainful disgusted disheartening disrespectful frustrated ridiculous"
346698,Barbie,"Barbie and Ken are having the time of their lives in the colorful and seemingly perfect world of Barbie Land. However, when they get a chance to go to the real world, they soon discover the joys and perils of living among humans. Comedy Adventure Fantasy Margot Robbie Ryan Gosling America Ferrera Greta Gerwig feminism satire patriarchy social satire based on toy female protagonist fish out of water womanhood doll reality vs fantasy fantasy world motherhood existentialism woman director misandry mother daughter relationship adventure comedy clinical gender discrimination secret world"
673,Harry Potter and the Prisoner of Azkaban,"Year three at Hogwarts means new fun and challenges as Harry learns the delicate art of approaching a Hippogriff, transforming shape-shifting Boggarts into hilarity and even turning back time. But the term also brings danger: soul-sucking Dementors hover over the school, an ally of the accursed He-Who-Cannot-Be-Named lurks within the castle walls, and fearsome wizard Sirius Black escapes Azkaban. And Harry will confront them all. Adventure Fantasy Daniel Radcliffe Rupert Grint Emma Watson Alfonso Cuarón witch school friend friendship flying magic bus traitor child hero school of witchcraft black magic time travel school best friend werewolf muggle ghost wizard aftercreditsstinger magical creature night bus teenage life christmas school class based on young adult novel magic spell admiring comforting enchant teen fantasy"
244786,Whiplash,"Under the direction of a ruthless instructor, a talented young drummer begins to pursue perfection at any cost, even his humanity. Drama Music Thriller Miles Teller J.K. Simmons Paul Reiser Damien Chazelle new york city jazz musician obsession music teacher conservatory drums montage perfectionist public humiliation jazz band angry aggressive young adult music school verbal abuse emotional abuse anxious based on short film psychological drama suspenseful powerful drummer"
652,Troy,"In year 1250 B.C. during the late Bronze age, two emerging nations begin to clash. Paris, the Trojan prince, convinces Helen, Queen of Sparta, to leave her husband Menelaus, and sail with him back to Troy. After Menelaus finds out that his wife was taken by the Trojans, he asks his brother Agamemnon to help him get her back. Agamemnon sees this as an opportunity for power. They set off with 1,000 ships holding 50,000 Greeks to Troy. War Action History Brad Pitt Orlando Bloom Eric Bana Wolfgang Petersen adultery sibling relationship hostility bravery mythology beauty trojan war wall fraud sword fight battlefield historical fiction ancient world based on song, poem or rhyme pyre ancient greece peplum trojan horse bronze age sparta greece ships sword and sandal helmet exhilarated 12th century bc achilles helen of troy"
585,"Monsters, Inc.","Lovable Sulley and his wisecracking sidekick Mike Wazowski are the top scare team at Monsters, Inc., the scream-processing factory in Monstropolis. When a little girl named Boo wanders into their world, it's the monsters who are scared silly, and it's up to Sulley and Mike to keep her out of sight and get her back home. Animation Comedy Family John Goodman Billy Crystal Mary Gibbs Pete Docter monster panic cheating kidnapping door infant villain portal rivalry energy supply friends hijinks best friend chameleon family parallel world conveyor belt duringcreditsstinger villain arrested invisibility energy company conspirators playful hilarious cheerful"
991494,The SpongeBob Movie: Search for SquarePants,"Desperate to be a big guy, SpongeBob sets out to prove his bravery to Mr. Krabs by following The Flying Dutchman – a mysterious swashbuckling ghost pirate – on a seafaring adventure that takes him to the deepest depths of the deep sea, where no Sponge has gone before. Adventure Animation Comedy Family Fantasy Tom Kenny Clancy Brown Rodger Bumpass Derek Drymon based on cartoon pirate based on tv series casual underworld adoring amused cheerful familiar"
429,"The Good, the Bad and the Ugly","While the Civil War rages on between the Union and the Confederacy, three men – a quiet loner, a ruthless hitman, and a Mexican bandit – comb the American Southwest in search of a strongbox containing $200,000 in stolen gold. Western Clint Eastwood Eli Wallach Lee Van Cleef Sergio Leone gold army bounty hunter hitman refugee anti hero moral ambiguity gallows outlaw gun battle shootout spaghetti western graveyard american civil war stolen gold complex hidden gold gun death excited cemetary confederate gold"
1140521,The Magic Faraway Tree,"A modern family relocates to the countryside where the children discover a magical tree with eccentric residents. They're transported to fantastical lands, rekindling their family bond through adventures. Family Fantasy Adventure Andrew Garfield Claire Foy Nicola Coughlan Ben Gregor tree based on children's book children's adventure estranged family"
414906,The Batman,"In his second year of fighting crime, Batman uncovers corruption in Gotham City that connects to his own family while facing a serial killer known as the Riddler. Crime Mystery Thriller Robert Pattinson Zoë Kravitz Jeffrey Wright Matt Reeves police psychopath secret identity crime fighter superhero nightclub politician based on comic vigilante organized crime serial killer millionaire social injustice murder investigation aftercreditsstinger masked superhero political corruption neo-noir urban gothic vengeance mayoral election wistful suspenseful tense gloomy"
